Country,1975,1976,1977,1978,1979,1980,1981,1982,1983,1984,1985,1986,1987,1988,1989,1990,1991,1992,1993,1994,1995,1996,1997,1998,1999,2000,2001,2002,2003,2004,2005,2006,2007,2008,2009,2010,2011,2012,2013,2014,2015,2016,2017,2018,2019,2020,2021,2022,2023
Albania,2401,2454,2508,2563,2617,2671,2724,2780,2838,2897,2957,3016,3076,3138,3199,3256,3255,3363,3485,3035,3050,3076,3074.832,3055.331,3053.831,3060.908,3073.733,3093.465,3033.658,3014.578,3011.487,2992.547,2970.017,2947.314,2927.519,2913.021,2904.78,2900.489,2897.364,2894.125,2889.167,2886.026,2873.457,2866.376,2854.191,2837.849,2811.666,2777.689,2761.785
Andorra,27,29,29,30,31,35,38,40,42,43,45,46,48,50,51,53,57,60,63,65,64,64,65.592,65.592,65.924,65.908,66.089,66.094,69.84,74.885,78.607,80.104,82.392,83.884,85.116,70.29,69.772,69.758,69.929,70.155,70.901,72.358,73.105,74.794,76.177,77.543,78.015,79.535,81.588
Austria,7579,7566,7568,7562,7549,7549,7559,7571,7548,7552,7555,7565,7573,7615,7659,7729,7813,7914,7991,7936,7948,7959,7968.041,7976.789,7992.323,8011.566,8042.293,8082.121,8118.245,8169.441,8225.278,8267.948,8295.189,8321.541,8341.483,8361.069,8388.534,8426.311,8477.23,8543.975,8629.496,8690.076,8795.073,8837.707,8879.9195,8901.064,8932.664,8978.929,9104.772
Belgium,9795,9811,9822,9830,9837,9847,9852,9856,9856,9855,9858,9862,9870,9902,9938,9967,9979,10045,10084,10116,10137,10157,10181.245,10203.008,10226.419,10251.25,10286.57,10332.785,10372.469,10417.122,10472.842,10541.893,10622.604,10709.973,10796.493,10895.638,11043.788,11128.246,11182.817,11231.213,11284.776,11311.117,11375.158,11427.054,11455.519,11522.44,11554.767,11617.623,11742.796
Bulgaria,8721,8759,8804,8814,8826,8862,8891,8917,8940,8961,8960,8958,8971,8981,8989,8991,8982,8540,8472,8444,8406,8363,8312.068,8256.786,8210.624,8170.172,7913.301,7868.9,7823.557,7781.161,7739.9,7699.02,7659.764,7623.395,7585.131,7534.289,7348.328,7305.888,7263.859,7223.937,7177.991,7153.784,7075.947,7025.0365,6975.7605,6934.015,6877.7425,6838.937,6447.71
Channel Islands,128,128,129,129,130,129,130,130,131,132,133,136,136,140,142,142,143,143,142,142,143,143,143,143,144,144,148,150,150,150,151,153,155,157,158,160,161,162,162,163,165,167,166.296,167.888,169.481,170.731,170.996,171.303,171.887
Czechoslovakia,14820,14918,15030,15137,15237,15311,15320,15369,15414,15458,15499,15534,15572,15607,15638,15661,15583,15731,,,,,,,,,,,,,,,,,,,,,,,,,,,,,,,
Denmark,5060,5073,5088,5104,5117,5123,5122,5118,5114,5112,5114,5121,5127,5130,5133,5140,5154,5170,5189,5205,5228,5262,5284.22,5301.304,5327.358,5337.344,5358.783,5374.255,5387.174,5401.177,5415.978,5434.567,5457.415,5489.022,5519.441,5545.039,5566.856,5587.085,5608.784,5639.719,5678.348,5724.456,5760.694,5789.957,5814.461,5825.337,5850.189,5873.42,5932.654
Faroe Islands,41,41,42,42,43,43,44,44,45,45,46,46,47,47,47,47,47,47,47,47,44,44,43.993,44.504,45.063,45.749,46.553,47.315,47.923,48.258,48.258,48.34,48.384,48.555,48.798,48.669,48.563,48.319,48.286,48.462,48.958,49.503,50.182,50.998,51.795,52.571,53.317,53.957,54.497
Finland,4711,4726,4739,4753,4765,4780,4800,4827,4856,4882,4902,4918,4932,4946,4964,4986,5014,5042,5066,5088,5108,5125,5139.835,5153.498,5165.474,5176.209,5188.008,5200.598,5213.014,5228.172,5219.448,5239.423,5261.682,5286.095,5311.276,5335.481,5360.091,5385.543,5410.389,5432.721,5450.581,5507,5508.214,5515.5235,5521.6055,5555.2975,5564.03,5578.5925,5594.42
France,52705,52909,53145,53376,53606,53880,54182,54480,54728,54947,55284,55546,55824,56118,56423,56735,57055,57240,57467,57659,57844,58026,58207.49,58397.788,58677.406,59062.385,59476.236,59893.87,60303.631,60734.343,61181.499,61597.486,61965.052,62300.288,62615.472,62917.79,63223.158,63536.918,63862.825,64027.784,64474.274,64732.099,64741.585,64970.403,64821.954,65123.843,65447.454,65646.837,65646.837
West Germany,61832,61513,61396,61310,61337,61538,61663,61596,61383,61126,60975,61010,61097,61420,62063,63253,,,,,,,,,,,,,,,,,,,,,,,,,,,,,,,,,
East Germany,16850,16786,16765,16756,16745,16737,16736,16697,16699,16671,16644,16624,16641,16666,16630,16247,,,,,,,,,,,,,,,,,,,,,,,,,,,,,,,,,
Gibraltar,30,30,30,29,30,30,30,29,29,29,29,29,29,30,31,31,28,29,28,28,27,27,27.139,27.025,27.204,27.033,27.033,28.52,28.605,28.759,29.313,29.672,30.066,30.496,30.963,31.465,32.003,32.577,32.734,33.14,33.573,33.573,34,34,34,34,34,34,34
Greece,9047,9167,9268,9360,9449,9643,9729,9790,9847,9896,9934,9967,10001,10037,10090,10161,10247,10322,10379,10426,10634,10709,10776.531,10834.91,10882.607,10917.457,10949.953,10987.559,11023.532,11055.729,11092.913,11020.393,11048.499,11077.863,11107.024,11121.383,11104.995,11045.04,10965.241,10892.369,10820.964,10783.748,10761.447,10732.898,10721.55,10698.589,10678.632,10459.782,10413.982
Holy See,1,1,1,1,1,1,1,1,1,1,1,1,1,1,1,1,1,1,1,1,1,1,1,0.786,0.786,0.786,0.786,0.786,0.786,0.786,0.786,0.786,0.786,0.786,0.786,0.46,0.46,0.451,0.451,0.451,0.451,0.451,0.451,0.451,0.451,0.451,0.451,0.451,0.451
Hungary,10532,10589,10637,10673,10698,10711,10712,10683,10656,10619,10579,10534,10486,10443,10398,10365,10346,10324,10294,10261,10229,10193,10154.9,10113.574,10067.507,10024.222,10187.576,10158.608,10129.552,10107.146,10087.065,10071.37,10055.78,10038.188,10022.65,10000.023,9971.727,9920.362,9893.082,9866.468,9843.028,9830.485,9787.966,9775.5635,9771.141,9750.149,9730.772,9689.01,9599.744
Iceland,218,220,222,224,226,228,231,234,237,239,241,243,246,250,253,255,258,261,264,266,267,269,270.915,273.794,277.184,281.154,285.054,287.559,289.272,292.587,295.864,304.334,311.396,319.355,319.246,318.006,319.014,320.716,323.764,327.386,330.815,332.529,343.3995,352.7205,360.563,366.463,368.792,376.248,387.758
Ireland,3176,3228,3272,3314,3368,3401,3440,3480,3504,3529,3540,3541,3543,3538,3515,3503,3526,3554,3574,3586,3601,3626,3664.313,3703.082,3741.647,3789.536,3847.198,3931.947,3996.521,4070.262,4159.914,4260.341,4356.931,4425.683,4458.942,4560.155,4576.794,4586.897,4598.294,4605.501,4635.39,4724.72,4807.3875,4867.316,4934.34,4964.44,5006.324,5060.004,5271.395
Isle of Man,60,62,62,63,63,63,64,64,64,64,63,64,64,67,68,68,70,70,71,71,72,72,72.452,73.274,74.06,74.911,74.911,77.156,77.464,77.581,78.8,78.8,80.885,81.722,82.371,82.691,82.691,85.047,85.682,86.322,86.963,85.619,83.314,83.314,83.314,83.314,83.314,84.069,84.069
Italy,55441,55701,55955,56155,56318,56434,56508,56639,56836,57005,57141,57246,57345,57441,57541,57661,56751,56859,57049,57204,56844,56860,56890.372,56906.744,56916.317,56942.108,56977.217,57157.406,57604.658,57685.327,57969.484,58143.979,58438.31,58826.731,59095.365,59277.417,59379.449,59539.717,60233.948,60789.14,60795.612,60665.551,60536.709,60150.323,59729.0805,59438.8505,59133.173,59030.133,58997.201
Lichtenstein,24,24,24,25,26,26,26,26,26,27,27,27,28,28,28,28,28,30,30,30,31,31,31.232,32.015,32.426,32.673,33.104,33.678,34.022,34.477,34.734,35.01,35.322,35.446,35.789,36.01,36.281,36.636,36.942,37.215,37.468,37.622,37.877,38.201,38.557,38.896,39.151,39.308,39.677
Luxembourg,358,361,361,362,363,364,365,366,366,366,367,368,371,374,378,382,387,390,397,403,409,414,419.45,424.7,430.475,436.3,441.525,446.175,451.631,458.095,465.158,472.637,479.993,488.65,497.782,506.953,518.347,530.946,543.36,556.319,569.604,576.249,596.336,607.9495,619.508,628.928,639.561,653.707,660.809
Malta,328,329,332,313,316,319,322,325,328,337,340,342,344,347,351,354,358,369,373,369,377,374,376.513,378.518,380.201,382.525,385.077,386.938,398.582,401.306,403.879,405.355,406.778,409.429,412.53,414.562,416.318,419.507,423.431,427.421,431.936,434.403,468.056,484.682,504.115,515.391,516.1,520.971,542.051
Monaco,25,25,25,25,25,25,25,25,25,25,25,25,25,25,25,25,25,25,25,25,25,25,31.986,31.986,33.268,33.268,33.268,33.268,33.268,33.268,33.268,33.268,33.268,33.268,35.499,35.764,36.126,36.05,36.95,36.9,37.6,38.2,37.55,38.35,38.3,38.15,38.35,38.35,38.35
Netherlands,13653,13770,13853,13937,14030,14144,14246,14310,14362,14420,14484,14564,14665,14758,14849,14952,15070,15184,15290,15383,15459,15530,15610.65,15707.209,15812.088,15925.513,16046.18,16148.929,16225.302,16281.779,16319.868,16346.101,16381.696,16445.593,16530.388,16615.394,16693.074,16754.962,16804.432,16865.007,16939.923,16979.12,17099.796,17231.6235,17282.163,17407.585,17475.415,17590.672,17811.291
Norway,4007,4026,4043,4059,4073,4086,4100,4115,4128,4140,4153,4167,4187,4209,4227,4241,4262,4286,4312,4325,4359,4381,4405.157,4431.464,4461.913,4490.967,4513.751,4538.159,4564.855,4591.91,4623.291,4660.677,4709.153,4768.212,4828.726,4889.252,4953.088,5018.573,5079.623,5137.232,5188.607,5236.826,5276.968,5295.619,5328.212,5367.58,5391.369,5425.27,5488.984
Poland,34022,34362,34698,35010,35257,35578,35902,36227,36571,36914,37203,37456,37664,37862,37963,38119,38245,38365,38459,38544,38588,38289,38292,38283,38270,38255.945,38250.79,38232.301,38195.177,38180.249,38161.313,38132.177,38115.967,38115.909,38153.389,38042.403,38051.032,38059.134,38031.632,38006.154,37981.588,37967.209,37962.318,37956.268,37948.14,37929.735,37840.001,37654.247,36753.736
Portugal,9426,9666,9455,9558,9661,9766,9855,9864,10009,10089,10011,10011,9994,9968,9937,9899,9871,9867,9881,10004,10030,10058,10091.12,10129.29,10171.949,10225.836,10292.999,10368.403,10441.075,10483.861,10503.33,10522.288,10542.964,10558.177,10568.247,10573.1,10557.56,10514.844,10457.295,10401.062,10358.076,10341.33,10300.3,10283.822,10286.263,10297.0805,10298.252,10352.042,10467.366
Romania,21245,21446,21658,21855,22048,22201,22353,22478,22553,22625,22725,22823,22940,23054,23152,23207,23185,22789,22755,22731,22681,22608,22545.925,22502.803,22458.022,22435.205,22408.393,21794.793,21733.556,21673.328,21319.673,21193.749,20882.98,20537.848,20367.437,20246.798,20147.657,20060.182,19988.694,19913.193,19819.697,19760.314,19592.933,19483.84,19394.228,19269.469,19126.302,19042.455,19054.548
San Marino,20,20,20,21,21,21,22,22,22,22,22,23,23,23,23,23,23,24,24,25,25,25,25.823,27.685,28.106,26.941,27.634,28.486,28.992,29.457,29.836,30.184,31.211,31.662,33.066,33.27,33.389,33.518,33.469,33.648,33.738,34.006,34.267,34.453,34.59,34.735,34.805,33.698,33.812
Spain,35596,35971,36351,36775,37183,37542,37751,37970,38162,38328,38474,38604,38716,38809,38792,38851,38920,39011,39096,39263,39388,39479,39583.381,39722.075,39927.224,40264.162,40721.447,41314.019,42004.575,42859.173,43662.617,44360.525,45236.002,45983.167,46367.545,46562.486,46736.255,46766.399,46593.236,46480.882,46447.697,46445.828,46532.868964071,46728.814005223,47105.358373153,47355.684576844,47326.687454405,47432.893,48085.361
Sweden,8193,8222,8252,8276,8294,8310,8320,8325,8329,8337,8350,8370,8398,8437,8493,8559,8617,8668,8719,8781,8827,8841,8846.062,8850.974,8857.874,8872.11,8895.96,8924.958,8958.229,8993.531,9029.572,9080.505,9148.092,9219.637,9298.515,9378.126,9449.213,9519.375,9600.379,9696.11,9799.186,9851.017,10057.6975,10120.242,10230.185,10327.589,10379.295,10452.326,10521.556
Switzerland,6405,6346,6327,6333,6351,6319,6354,6391,6419,6442,6470,6504,6545,6593,6647,6712,6800,6875,6938,6994,7041,7081,7088.906,7110.002,7143.991,7184.25,7226.647,7284.754,7339.002,7389.626,7437.116,7483.935,7551.117,7647.675,7743.832,7824.909,7912.398,7996.861,8089.346,8188.649,8282.396,8327.126,8451.84,8507.202,8606.033,8670.3,8738.791,8815.385,8815.385
United Kingdom,56215,56206,56209,56178,56242,56330,56352,56306,56347,56506,56685,56852,57009,57158,57358,57561,57808,58013,58198,57862,58025,58164,58314.249,58474.943,58684.427,58886.065,59113.497,59318.779,59552.182,59950.364,60413.276,60827.067,61319.075,61823.772,62260.486,62759.456,63285.145,63705.03,64102.166,64591.713,65128.861,65382.556,65808.573,66435.55,66796.807,67081.234,67026.292,67596.281,67596.281
Yugoslavia,21365,21573,21775,21974,22166,22304,22471,22642,22805,22966,23124,23274,23417,23566,23695,23818,23931,,,,,,,,,,,,,,,,,,,,,,,,,,,,,,,,
Soviet Union,254469,256760,259029,261253,263425,265542,267622,269901,272368,274874,277334,280016,282830,285419,286731,288595,,,,,,,,,,,,,,,,,,,,,,,,,,,,,,,,,
Kazakhstan,,,,,,,,,,,,,,,,,16451,16518,16381,16146,15816,15578,15334.405,15072.983,14928.373,14883.626,14858.335,14858.948,14909.018,15012.985,15147.029,15308.084,15484.192,15674,16092.701,16321.581,16556.601,16791.427,17035.275,17160.774,17160.774,17160.774,18037.776,18276.452,18513.673,18755.6655,19000.9875,19634.983,19900.3245
Kyrgyzstan,,,,,,,,,,,,,,,,,4457,4534,4543,4540,4590,4657,4724.9,4797,4854.06,4883.706,4902.123,4919.46,4943.77,4976.881,5006.514,5033.953,5268.385,5318.729,5383.277,5447.96,5514.754,5607.511,5719.852,5835.816,5957.271,6079.84,6306.696,6444.078,6590.211,6726.596,6851.224,6975.218,7099.75
Tajikistan,,,,,,,,,,,,,,,,,5464,5571,5638,5745,5836,5919,5919,5938.609,6064.048,6188.366,6312.756,6441.009,6573.224,6710.161,6850.324,6992.066,7139.772,7294.747,7334.083,7519.28,7714.198,7897.313,8074.266,8256.572,8451.6,8640.7,8837.002,8931.2,9126.56,9313.767,9588.5,9982.207,10163.4
Turkmenistan,,,,,,,,,,,,,,,,,3753,4032,4308,4406,4509,4569,4569,4859,4859,4891.598,4973.962,5051.817,5123.94,5123.94,5123.94,5123.94,5123.94,5123.94,5123.94,5123.94,5123.94,5123.94,5123.94,5123.94,5123.94,5662.544,5662.544,5662.544,5662.544,5662.544,5662.544,5662.544,5662.544
Uzbekistan,,,,,,,,,,,,,,,,,20862,21360,21852,22282,22690,23130,23560.4,24051,23953.922,24650.415,24964.433,25271.831,25567.663,25707.4,26021.3,26488.257,26867.998,27302.782,27767.408,28562.405,29339.368,29774.448,30243.172,30757.669,31298.929,31298.929,32388.563,32956.099,33580.4,34573.58025,35281.60775,35836.5345,36412.359
Armenia,,,,,,,,,,,,,,,,,3612,3686,3731,3308,3255,3247,3242.1,3235.151,3229.499,3221.106,3214.095,3211.593,3211.267,3214.03,3217.535,3221.094,3226.52,3234.031,3243.729,3256.066,3027.9,3024.1,3022,3013.8,3004.588,2992.5,2979.442,2969.001,2962.482,2961.473,2963.251,2961.4,2977.13
Azerbaijan,,,,,,,,,,,,,,,,,7271,7382,7495,7597,7685,7763,7838.3,7913,7982.8,8048.6,8152.8,8230.3,8309.2,8398.3,8500.3,8609.6,8723,8838.5,8947.3,9054.3,9173.1,9295.784,9416.8,9528.9,9649.341,9755.5,9854,9939.8,9931.2,10000.1,10044.7,10095.2,10154
Georgia,,,,,,,,,,,,,,,,,5464,5455,5440,4862,4734,4617,4531.7,4487.4,4452.5,4418.3,4385.8,4357.1,4328.9,4318.3,4361.4,4398,4388.4,4383.8,4410.9,4452.8,4483.4,4490.7,4487.15,3727,3717.1,3719.3,3728.0035,3726.5485,3720.161,3722.7155,3708.61,3712.502,3715.4825
Serbia,,,,,,,,,,,,,,,,,,,,,,,,,,,,,,,,7411.569,7381.579,7350.222,7320.807,7291.436,7236.519,7201.497,7166.552,7131.787,7095.383,7058.322,7020.858,6982.604,6945.235,6899.126,6834.326,6797.105,6641.197
Montenegro,,,,,,,,,,,,,,,,,,,,,,,,,,,,,,,,624.241,626.104,628.804,631.536,617.304,620.556,620.601,622.149,621.81,622.159,622.218,622.373,622.2705,622.182,621.873,620.739,617.683,616.695
Belarus,,,,,,,,,,,,,,,,,10271,10313,10356,10308,10281,10250,10117.433,10071.963,10035.21,10004.958,9970.688,9924.766,9873.826,9824.568,9663.915,9604.924,9560.953,9527.985,9506.765,9490.583,9473.172,9464.495,9465.997,9474.511,9489.616,9498.364,9458.989,9438.785,9419.758,9410.259,9302.6,9228.1,9178.3
Bosnia and Herzegovina,,,,,,,,,,,,,,,,,,4409,4434,4459,4180,3645,3737.865,3653.364,3724.672,3781.497,3797.937,3828.397,3832.301,3842.527,3842.537,3842.762,3842.562,3842.265,3842.566,3843.126,3841.224,3837.455,3833.278,3830.911,3825.334,3512.855,3509.728,3500.295,3492.018,3492.018,3492.018,3492.018,3492.018
Croatia,,,,,,,,,,,,,,,,,,4470,4641,4649,4669,4494,4572.474,4501.149,4553.769,4426.233,4439.635,4440.385,4440.29,4308.293,4310.145,4311.159,4310.217,4309.705,4305.181,4295.427,4280.622,4267.558,4255.689,4238.389,4203.604,4190.669,4124.531,4087.843,4065.253,4047.68,3878.981,3862.305,3850.894
Czechia,,,,,,,,,,,,,,,,,,,10331,10336,10331,10315,10303.642,10294.943,10282.784,10272.503,10224.192,10200.774,10201.651,10197.101,10211.216,10238.905,10298.828,10384.603,10443.936,10474.41,10496.088,10510.786,10510.719,10524.783,10542.942,10553.843,10589.526,10626.43,10669.324,10700.155,10701.777,10516.707,10827.529
Estonia,,,,,,,,,,,,,,,,,1566,1544,1517,1499,1437,1416,1399.535,1386.156,1375.654,1369.515,1364.101,1358.644,1353.557,1362.55,1354.775,1346.81,1340.68,1337.09,1334.515,1331.475,1327.439,1322.696,1317.997,1314.545,1314.608,1315.944,1317.384,1321.9765,1326.898,1329.2275,1329.479,1331.796,1365.884
Germany,,,,,,,,,,,,,,,,,79984,80570,81187,81422,81661,81896,82051.698,82028.947,82086.582,82187.614,82339.777,82482.309,82520.176,82501.274,82464.344,82365.81,82262.642,82119.776,81874.77,81757.471,80274.983,80425.823,80645.605,80982.5,81686.663,82175.684,82657.002,82905.782,83092.962,83160.871,83155.031,83237.124,84358.845
Latvia,,,,,,,,,,,,,,,,,2662,2614,2563,2521,2485,2457,2432.851,2410.019,2390.482,2372.985,2355.011,2338.624,2325.342,2263.122,2238.799,2218.357,2200.325,2177.322,2141.669,2097.555,2059.709,2034.319,2012.647,1993.782,1977.527,1968.957,1942.248,1927.1735,1913.822,1900.449,1893.223,1875.757,1883.008
Lithuania,,,,,,,,,,,,,,,,,3742,3700,3683,3657,3629,3602,3575.137,3549.331,3524.238,3499.536,3481.292,3469.07,3454.205,3377.075,3322.528,3269.909,3231.294,3198.231,3162.916,3097.282,3028.115,2987.773,2957.689,2932.367,2904.91,2888.558,2828.403,2801.543,2794.137,2794.885,2795.68,2805.998,2857.279
Moldova,,,,,,,,,,,,,,,,,4363,4348,4348,4348,4348,4327,3654.208,3652.741,3647.001,3639.592,3631.462,3623.062,3612.874,3603.94,3595.187,3585.209,3576.91,3570.108,3565.604,3562.045,3559.986,3559.52,3558.566,3557.328,3555.159,3553.1,2755.158,2708.214,2664.974,2635.13,2615.199,2604,2512.758
Russian Federation,,,,,,,,,,,,,,,,,148245,148310,148146,148408,148376,148160,147915.361,147670.784,147214.776,146596.869,145976.482,145306.497,144648.618,144067.316,143518.814,143049.637,142805.114,142742.366,142785.349,142849.468,142960.908,143201.73,143507,143507,143507,143507,146842.4,146880.432,146764.7,146459.8,146864.3,146713.7,146299.1
Serbia and Montenegro,,,,,,,,,,,,,,,,,,10448,10482,10516,10547,10577,10600,10617,10629,10634,10652,8114,8153,8147,8064.046,,,,,,,,,,,,,,,,,,
Slovakia,,,,,,,,,,,,,,,,,,,5325,5347,5364,5374,5383.233,5390.866,5395.324,5400.679,5379.78,5378.809,5378.95,5372.28,5372.807,5373.054,5374.622,5379.233,5386.406,5391.428,5398.384,5407.579,5413.393,5418.649,5423.801,5431,5439.2315,5446.771,5454.147,5457.873,5459.781,5434.712,5428.792
Slovenia,,,,,,,,,,,,,,,,,,1996,1991,1989,1988,1991,1986.848,1982.603,1985.557,1990.272,1992.035,1995.718,1996.773,1997.004,2001.114,2008.516,2019.406,2022.629,2042.335,2049.261,2052.496,2056.262,2059.114,2061.623,2063.077,2064.188,2066.161,2070.05,2089.31,2100.126,2108.977,2107.18,2116.972
Macedonia,,,,,,,,,,,,,,,,,,2056,2056,2056,1963,1975,1996.869,2007.523,2017.142,2024,2034.882,2031.153,2026.773,2032.544,2036.855,2040.228,2043.559,2046.898,2050.671,2055.004,2058.539,2061.044,2064.032,2067.471,2070.225,2072.49,2074.502,2076.217,2077.132,2076.255,2068.808,1837.114,1829.954
Ukraine,,,,,,,,,,,,,,,,,51944,52057,52244,52114,51728,51058,50594.6,50370.8,49918.1,49429.8,48690.151,48230.283,47812.949,47451.626,47105.171,46787.785,46509.355,46258.189,46053.307,45870.741,45706.086,45593.342,45553.047,42988.026,42759.661,42590.879,42485.4725,42386.403,41983.564,41732.779,41418.717,40997.698,40997.698
